user0,avlpkhzkki
user1,vyjasbwmrf
user2,uwnyvtqcjf
user3,zlmgpicnjf
user4,uqhsqoephu
user5,ipfmmzpucu
user6,uigwyahvgm
user7,xwsgybvbnz
user8,nfrhauduvz
user9,nrjuoxrloy
user10,ogmrdcpoly
user11,idbalpcino
user12,yczdaouewz
user13,whpmffsrnk
user14,wvqleffndf
user15,fddmudaxeu
user16,onqfasfraa
user17,nkoobwavii
user18,tezbcefhjq
user19,lcjmykyamp
user20,mtbjgwkfse
user21,xuungfonuj
user22,fonyzwsxhe
user23,rloholwgkg
user24,pahjelrexi
user25,qozmtbqlhg
user26,fcmbbealuu
user27,gnkjnwklqw
user28,kjpquqsisf
user29,xptcuroscb
user30,qfaeuwovqj
user31,ohbizqmlnb
user32,uavahhvtpf
user33,mzekpklkxm
user34,kfbwzsvoud
user35,letktsoikh
user36,xdedauoeit
user37,rwudrweqcs
user38,inagksosut
user39,aovczjazma
user40,yuqoudcybe
user41,ekhxkyeizn
user42,mfsqyodtkk
user43,hzdbmtrjcx
user44,wsqyenjmmi
user45,lvqeorhpks
user46,ibcodfxpld
user47,rivouffeyc
user48,jqgqorband
user49,vaiysyakyl
